year,state,state_name,county_fips,county_name,population_2020,co_8hr_ppm,lead_3mo_ug_m3,no2_1hr_ppb,no2_annual_mean_ppb,ozone_8hr_ppb,pm10_24hr_ug_m3,pm25_24hr_ug_m3,pm25_annual_mean_ug_m3,so2_1hr_ppb,so2_annual_mean_ppb,co_8hr_ppm_status,lead_3mo_ug_m3_status,no2_1hr_ppb_status,no2_annual_mean_ppb_status,ozone_8hr_ppb_status,pm10_24hr_ug_m3_status,pm25_24hr_ug_m3_status,pm25_annual_mean_ug_m3_status,so2_1hr_ppb_status,so2_annual_mean_ppb_status
2025,AK,Alaska,02040,Monitoring County 040,57265,1.638,0.057,16.609,27.282,35.764,145.503,11.467,4.499,,,reported,reported,reported,reported,reported,reported,reported,reported,no_data,insufficient_data
2025,AL,Alabama,01036,Monitoring County 036,143775,,0.035,,13.99,42.116,,,,,,no_data,reported,no_data,reported,reported,insufficient_data,no_data,no_data,insufficient_data,no_data
2025,AL,Alabama,01060,Monitoring County 060,193341,2.817,,40.554,,19.958,,,2.399,26.236,7.062,reported,insufficient_data,reported,no_data,reported,no_data,no_data,reported,reported,reported
2025,AL,Alabama,01091,Monitoring County 091,42157,,,,,21.483,,,4.398,,2.664,no_data,insufficient_data,no_data,insufficient_data,reported,no_data,insufficient_data,reported,no_data,reported
2025,AL,Alabama,01117,Monitoring County 117,93639,2.624,,,29.934,20.426,,,9.394,15.592,3.07,reported,no_data,no_data,reported,reported,no_data,no_data,reported,reported,reported
2025,AL,Alabama,01151,Monitoring County 151,43825,4.141,0.053,53.76,30.078,34.468,,,,,2.534,reported,reported,reported,reported,reported,insufficient_data,no_data,no_data,no_data,reported
2025,AL,Alabama,01189,Monitoring County 189,68565,4.029,,,35.963,,,,,,5.833,reported,no_data,no_data,reported,no_data,no_data,no_data,insufficient_data,no_data,reported
2025,AL,Alabama,01210,Monitoring County 210,106643,,,,16.186,32.087,,,13.114,12.699,2.521,insufficient_data,insufficient_data,insufficient_data,reported,reported,insufficient_data,no_data,reported,reported,reported
2025,AL,Alabama,01215,Monitoring County 215,25555,,,,36.486,32.103,,,4.894,,3.81,no_data,no_data,no_data,reported,reported,no_data,no_data,reported,no_data,reported
2025,AL,Alabama,01218,Monitoring County 218,13730,1.488,0.067,38.111,75.958,107.942,,,,,,reported,reported,reported,reported,reported,no_data,insufficient_data,no_data,no_data,no_data
2025,AR,Arkansas,04012,Monitoring County 012,101414,,,42.468,33.237,,44.754,13.657,7.548,15.091,,no_data,no_data,reported,reported,insufficient_data,reported,reported,reported,reported,no_data
2025,AR,Arkansas,04041,Monitoring County 041,54848,1.805,,59.767,48.128,36.137,61.133,,,,,reported,no_data,reported,reported,reported,reported,no_data,no_data,no_data,no_data
2025,AR,Arkansas,04167,Monitoring County 167,166653,5.964,,24.373,23.312,,83.919,,,12.299,1.858,reported,no_data,reported,reported,no_data,reported,no_data,no_data,reported,reported
2025,AR,Arkansas,04193,Monitoring County 193,101368,4.02,,91.247,,,77.798,36.755,,25.148,,reported,no_data,reported,no_data,insufficient_data,reported,reported,no_data,reported,insufficient_data
2025,AR,Arkansas,04199,Monitoring County 199,89341,,,,,40.907,,12.714,3.257,,2.827,no_data,no_data,no_data,no_data,reported,no_data,reported,reported,no_data,reported
2025,AR,Arkansas,04214,Monitoring County 214,87459,,0.045,,32.122,54.577,35.632,21.652,9.623,,,insufficient_data,reported,no_data,reported,reported,reported,reported,reported,no_data,no_data
2025,AR,Arkansas,04228,Monitoring County 228,17620,3.606,0.049,83.078,28.096,,58.95,51.209,5.351,32.485,6.606,reported,reported,reported,reported,no_data,reported,reported,reported,reported,reported
2025,AR,Arkansas,04231,Monitoring County 231,111526,3.689,0.037,20.02,,57.295,39.111,25.385,2.793,,,reported,reported,reported,no_data,reported,reported,reported,reported,no_data,no_data
2025,AR,Arkansas,04244,Monitoring County 244,117827,,,18.612,26.575,42.613,79.545,44.16,,,5.43,no_data,no_data,reported,reported,reported,reported,reported,no_data,no_data,reported
2025,AR,Arkansas,04270,Monitoring County 270,33044,1.811,0.033,,19.181,,,12.208,4.418,10.95,,reported,reported,no_data,reported,insufficient_data,no_data,reported,reported,reported,no_data
2025,AR,Arkansas,04279,Monitoring County 279,77686,,0.038,25.356,,62.296,,40.482,7.954,14.558,3.462,insufficient_data,reported,reported,no_data,reported,no_data,reported,reported,reported,reported
2025,AR,Arkansas,04285,Monitoring County 285,233627,2.434,,,42.152,32.706,,,4.276,16.342,,reported,no_data,no_data,reported,reported,insufficient_data,no_data,reported,reported,no_data
2025,AZ,Arizona,03018,Monitoring County 018,144810,2.39,0.047,22.639,11.71,,54.55,,18.309,,2.908,reported,reported,reported,reported,no_data,reported,no_data,reported,no_data,reported
2025,AZ,Arizona,03024,Monitoring County 024,129613,,,29.799,23.658,65.955,83.392,20.372,4.29,22.569,5.596,no_data,insufficient_data,reported,reported,reported,reported,reported,reported,reported,reported
2025,AZ,Arizona,03029,Monitoring County 029,31047,,0.016,,,38.343,,29.07,,,,no_data,reported,no_data,insufficient_data,reported,no_data,reported,no_data,no_data,insufficient_data
2025,AZ,Arizona,03188,Monitoring County 188,57277,,,57.371,,41.419,,,,18.155,,no_data,no_data,reported,no_data,reported,insufficient_data,no_data,no_data,reported,no_data
2025,AZ,Arizona,03243,Monitoring County 243,14885,,,50.352,13.858,,,16.714,5.137,12.695,3.816,no_data,no_data,reported,reported,no_data,no_data,reported,reported,reported,reported
2025,AZ,Arizona,03249,Monitoring County 249,212321,5.777,0.017,84.873,23.817,,,,4.337,37.557,,reported,reported,reported,reported,no_data,no_data,no_data,reported,reported,no_data
2025,AZ,Arizona,03267,Monitoring County 267,119438,5.363,,106.622,,,,9.677,8.656,31.84,5.273,reported,no_data,reported,insufficient_data,no_data,no_data,reported,reported,reported,reported
2025,CA,California,05139,Monitoring County 139,86963,,,,20.478,39.436,,,7.926,30.04,,no_data,no_data,no_data,reported,reported,no_data,insufficient_data,reported,reported,insufficient_data
2025,CA,California,05162,Monitoring County 162,23509,1.256,0.043,60.627,25.943,,70.895,,10.467,,,reported,reported,reported,reported,no_data,reported,no_data,reported,no_data,no_data
2025,CA,California,05168,Monitoring County 168,67675,,0.04,67.946,19.897,43.402,,25.583,4.043,16.471,,no_data,reported,reported,reported,reported,insufficient_data,reported,reported,reported,insufficient_data
2025,CA,California,05213,Monitoring County 213,134309,1.544,0.054,33.727,,52.965,62.481,,4.784,23.987,4.366,reported,reported,reported,no_data,reported,reported,insufficient_data,reported,reported,reported
2025,CA,California,05227,Monitoring County 227,61681,3.545,,,21.999,,35.528,34.896,3.817,17.384,2.195,reported,no_data,no_data,reported,insufficient_data,reported,reported,reported,reported,reported
2025,CO,Colorado,06035,Monitoring County 035,75288,,0.021,22.114,21.729,,,,6.52,9.276,4.611,no_data,reported,reported,reported,no_data,no_data,no_data,reported,reported,reported
2025,CO,Colorado,06051,Monitoring County 051,84374,0.773,,64.099,40.991,50.624,,,3.659,11.43,,reported,no_data,reported,reported,reported,no_data,no_data,reported,reported,no_data
2025,CO,Colorado,06298,Monitoring County 298,38000,2.654,0.029,16.62,22.247,,115.013,10.425,22.051,53.46,6.826,reported,reported,reported,reported,no_data,reported,reported,reported,reported,reported
2025,CT,Connecticut,07019,Monitoring County 019,49869,,0.062,,22.547,30.586,45.984,,,,3.45,no_data,reported,no_data,reported,reported,reported,no_data,no_data,no_data,reported
2025,CT,Connecticut,07090,Monitoring County 090,43030,,0.115,,18.086,75.528,61.578,,3.152,16.412,4.435,no_data,reported,no_data,reported,reported,reported,no_data,reported,reported,reported
2025,CT,Connecticut,07109,Monitoring County 109,122653,10.03,,43.725,25.525,45.753,,8.133,17.692,,,reported,no_data,reported,reported,reported,no_data,reported,reported,insufficient_data,no_data
2025,CT,Connecticut,07258,Monitoring County 258,122828,,0.06,,,30.368,41.205,53.092,,,1.788,no_data,reported,no_data,no_data,reported,reported,reported,no_data,no_data,reported
2025,CT,Connecticut,07282,Monitoring County 282,288519,2.753,0.035,32.252,10.801,30.119,,15.4,12.197,25.863,,reported,reported,reported,reported,reported,no_data,reported,reported,reported,no_data
2025,DE,Delaware,08001,Monitoring County 001,20693,5.717,,29.087,26.487,,,5.797,,16.562,4.824,reported,no_data,reported,reported,no_data,no_data,reported,insufficient_data,reported,reported
2025,DE,Delaware,08009,Monitoring County 009,115079,2.428,0.048,27.853,34.133,,66.696,,6.571,24.035,4.478,reported,reported,reported,reported,no_data,reported,no_data,reported,reported,reported
2025,DE,Delaware,08106,Monitoring County 106,16327,,0.065,18.568,12.665,,,39.303,7.152,22.235,,no_data,reported,reported,reported,no_data,no_data,reported,reported,reported,no_data
2025,DE,Delaware,08142,Monitoring County 142,41526,4.607,0.024,136.229,,,,4.968,8.683,,6.349,reported,reported,reported,no_data,no_data,no_data,reported,reported,no_data,reported
2025,DE,Delaware,08224,Monitoring County 224,67004,4.865,0.022,29.33,,,,25.974,4.985,13.775,,reported,reported,reported,no_data,no_data,no_data,reported,reported,reported,no_data
2025,DE,Delaware,08280,Monitoring County 280,35522,3.215,,,,101.778,49.77,40.184,5.367,27.391,,reported,no_data,no_data,no_data,reported,reported,reported,reported,reported,no_data
2025,DE,Delaware,08303,Monitoring County 303,160210,,0.047,69.233,,,55.527,17.48,6.148,6.016,,no_data,reported,reported,no_data,insufficient_data,reported,reported,reported,reported,insufficient_data
2025,FL,Florida,09149,Monitoring County 149,167897,4.003,,35.604,14.881,,70.838,,,17.201,6.631,reported,no_data,reported,reported,insufficient_data,reported,no_data,no_data,reported,reported
2025,GA,Georgia,10124,Monitoring County 124,169935,1.83,0.048,56.638,15.448,55.254,45.676,19.388,9.552,,,reported,reported,reported,reported,reported,reported,reported,reported,insufficient_data,no_data
2025,GA,Georgia,10132,Monitoring County 132,71984,2.546,0.022,,26.706,47.528,69.201,22.244,13.347,,3.903,reported,reported,insufficient_data,reported,reported,reported,reported,reported,no_data,reported
2025,GA,Georgia,10150,Monitoring County 150,17410,4.453,0.039,22.69,13.743,26.843,33.498,14.092,7.11,9.025,6.945,reported,reported,reported,reported,reported,reported,reported,reported,reported,reported
2025,GA,Georgia,10252,Monitoring County 252,82662,,,,,,96.835,,3.589,16.852,6.105,no_data,no_data,no_data,no_data,no_data,reported,no_data,reported,reported,reported
2025,GA,Georgia,10269,Monitoring County 269,407688,,,,14.921,,147.998,20.351,5.719,,3.522,insufficient_data,no_data,no_data,reported,no_data,reported,reported,reported,insufficient_data,reported
2025,GA,Georgia,10316,Monitoring County 316,55953,3.68,0.039,34.168,16.515,60.711,,,7.842,,5.615,reported,reported,reported,reported,reported,no_data,no_data,reported,insufficient_data,reported
2025,HI,Hawaii,11020,Monitoring County 020,34373,3.335,0.053,,,45.783,93.566,21.246,14.768,28.016,,reported,reported,no_data,no_data,reported,reported,reported,reported,reported,no_data
2025,HI,Hawaii,11021,Monitoring County 021,270110,2.84,0.045,63.875,28.132,25.36,72.161,,8.146,14.877,,reported,reported,reported,reported,reported,reported,no_data,reported,reported,no_data
2025,HI,Hawaii,11031,Monitoring County 031,114585,2.064,0.048,,,82.93,46.986,47.02,,18.755,,reported,reported,no_data,no_data,reported,reported,reported,no_data,reported,insufficient_data
2025,HI,Hawaii,11088,Monitoring County 088,133013,,0.043,,,,,,,16.161,6.043,no_data,reported,no_data,no_data,no_data,no_data,insufficient_data,insufficient_data,reported,reported
2025,HI,Hawaii,11169,Monitoring County 169,20076,,,,50.779,,70.54,11.293,,,3.285,no_data,no_data,no_data,reported,no_data,reported,reported,no_data,no_data,reported
2025,HI,Hawaii,11192,Monitoring County 192,107184,3.468,0.051,47.084,,,88.691,27.102,5.621,29.212,3.237,reported,reported,reported,no_data,no_data,reported,reported,reported,reported,reported
2025,HI,Hawaii,11248,Monitoring County 248,24923,3.975,,41.399,11.095,,39.494,,7.41,13.894,7.145,reported,no_data,reported,reported,insufficient_data,reported,no_data,reported,reported,reported
2025,IA,Iowa,15004,Monitoring County 004,325364,,0.065,52.525,43.115,56.714,87.932,,10.483,12.141,3.942,no_data,reported,reported,reported,reported,reported,insufficient_data,reported,reported,reported
2025,IA,Iowa,15005,Monitoring County 005,107029,,0.022,,30.658,82.953,,,10.965,16.679,,no_data,reported,no_data,reported,reported,no_data,no_data,reported,reported,no_data
2025,IA,Iowa,15118,Monitoring County 118,66488,3.686,0.062,,24.531,76.405,58.013,,,19.035,6.56,reported,reported,insufficient_data,reported,reported,reported,no_data,no_data,reported,reported
2025,IA,Iowa,15123,Monitoring County 123,185255,1.879,0.083,38.222,,25.001,,,8.806,14.743,4.031,reported,reported,reported,no_data,reported,no_data,no_data,reported,reported,reported
2025,IA,Iowa,15146,Monitoring County 146,198145,4.487,0.044,12.621,14.023,47.975,,,,20.938,4.496,reported,reported,reported,reported,reported,no_data,no_data,insufficient_data,reported,reported
2025,IA,Iowa,15190,Monitoring County 190,137472,3.721,0.06,29.514,19.363,32.513,48.762,35.097,9.517,27.189,5.595,reported,reported,reported,reported,reported,reported,reported,reported,reported,reported
2025,IA,Iowa,15260,Monitoring County 260,168499,2.919,,,,,73.968,25.076,,,11.532,reported,no_data,insufficient_data,insufficient_data,no_data,reported,reported,insufficient_data,no_data,reported
2025,ID,Idaho,12011,Monitoring County 011,414738,,,32.647,,25.804,,,,26.251,3.921,no_data,no_data,reported,no_data,reported,no_data,insufficient_data,insufficient_data,reported,reported
2025,ID,Idaho,12015,Monitoring County 015,67996,1.827,0.031,,,46.508,,,10.359,13.305,,reported,reported,no_data,no_data,reported,no_data,no_data,reported,reported,insufficient_data
2025,ID,Idaho,12062,Monitoring County 062,169913,3.748,,24.936,,,,14.273,15.004,,,reported,no_data,reported,no_data,no_data,no_data,reported,reported,insufficient_data,no_data
2025,ID,Idaho,12083,Monitoring County 083,129044,,0.039,60.515,61.759,67.692,43.7,16.723,5.906,,7.492,insufficient_data,reported,reported,reported,reported,reported,reported,reported,no_data,reported
2025,ID,Idaho,12140,Monitoring County 140,31181,3.397,,62.756,,,73.524,14.136,3.206,19.539,3.119,reported,no_data,reported,insufficient_data,no_data,reported,reported,reported,reported,reported
2025,ID,Idaho,12158,Monitoring County 158,76120,5.792,0.048,,12.479,62.667,71.405,,,18.782,6.961,reported,reported,no_data,reported,reported,reported,insufficient_data,no_data,reported,reported
2025,ID,Idaho,12176,Monitoring County 176,35470,,0.017,53.121,20.708,23.474,106.363,,,,4.659,no_data,reported,reported,reported,reported,reported,no_data,no_data,no_data,reported
2025,ID,Idaho,12203,Monitoring County 203,84755,3.653,,21.66,,,82.316,13.195,10.072,29.359,4.16,reported,no_data,reported,no_data,no_data,reported,reported,reported,reported,reported
2025,ID,Idaho,12222,Monitoring County 222,336389,,,43.354,,70.504,,30.286,,14.614,3.99,no_data,insufficient_data,reported,no_data,reported,no_data,reported,no_data,reported,reported
2025,ID,Idaho,12261,Monitoring County 261,219236,,,40.134,,30.35,,,4.2,,6.256,no_data,no_data,reported,no_data,reported,no_data,insufficient_data,reported,no_data,reported
2025,ID,Idaho,12296,Monitoring County 296,44547,,0.071,47.937,19.372,,,,,10.226,4.628,no_data,reported,reported,reported,no_data,no_data,no_data,no_data,reported,reported
2025,IL,Illinois,13102,Monitoring County 102,174091,3.752,,,17.144,,,22.001,,,3.724,reported,no_data,no_data,reported,no_data,insufficient_data,reported,no_data,insufficient_data,reported
2025,IL,Illinois,13155,Monitoring County 155,55093,1.634,0.033,,30.367,33.494,46.716,,4.67,,,reported,reported,no_data,reported,reported,reported,no_data,reported,insufficient_data,no_data
2025,IL,Illinois,13287,Monitoring County 287,176556,2.471,,,40.425,82.988,23.439,17.89,8.06,,,reported,no_data,no_data,reported,reported,reported,reported,reported,no_data,no_data
2025,IL,Illinois,13299,Monitoring County 299,346506,1.763,,,,58.703,115.325,,,,,reported,no_data,no_data,no_data,reported,reported,insufficient_data,no_data,no_data,no_data
2025,IL,Illinois,13318,Monitoring County 318,56444,,,,18.84,43.031,92.341,,,,5.213,no_data,no_data,no_data,reported,reported,reported,no_data,no_data,no_data,reported
2025,IN,Indiana,14008,Monitoring County 008,40816,2.592,0.027,,,61.622,80.095,,,19.678,4.298,reported,reported,no_data,insufficient_data,reported,reported,no_data,insufficient_data,reported,reported
2025,IN,Indiana,14033,Monitoring County 033,79775,2.094,0.037,40.992,,59.73,61.088,17.273,6.242,,,reported,reported,reported,no_data,reported,reported,reported,reported,insufficient_data,no_data
2025,IN,Indiana,14054,Monitoring County 054,16081,2.716,0.024,71.479,24.783,,92.252,,11.737,11.09,5.108,reported,reported,reported,reported,no_data,reported,no_data,reported,reported,reported
2025,IN,Indiana,14104,Monitoring County 104,93462,,0.038,71.693,19.521,22.934,42.276,24.416,4.527,,12.009,no_data,reported,reported,reported,reported,reported,reported,reported,no_data,reported
2025,IN,Indiana,14133,Monitoring County 133,31945,5.606,,,11.99,55.441,,,4.976,23.571,3.468,reported,no_data,no_data,reported,reported,insufficient_data,no_data,reported,reported,reported
2025,IN,Indiana,14143,Monitoring County 143,254535,,0.053,33.085,26.983,40.214,42.047,,7.582,,4.306,no_data,reported,reported,reported,reported,reported,no_data,reported,insufficient_data,reported
2025,IN,Indiana,14254,Monitoring County 254,86897,2.906,0.014,,17.626,24.106,39.467,,,13.877,,reported,reported,insufficient_data,reported,reported,reported,no_data,insufficient_data,reported,insufficient_data
2025,IN,Indiana,14292,Monitoring County 292,114980,,0.062,,,,106.057,25.551,13.798,22.043,,no_data,reported,no_data,no_data,no_data,reported,reported,reported,reported,no_data
2025,IN,Indiana,14319,Monitoring County 319,332022,,0.065,,21.1,,71.573,15.95,7.049,10.695,,no_data,reported,no_data,reported,insufficient_data,reported,reported,reported,reported,insufficient_data
2025,KS,Kansas,16071,Monitoring County 071,175172,,0.075,59.94,18.504,37.098,42.712,19.77,15.967,8.55,6.784,no_data,reported,reported,reported,reported,reported,reported,reported,reported,reported
2025,KS,Kansas,16085,Monitoring County 085,178004,3.087,,,,,48.962,19.033,6.795,18.309,2.089,reported,no_data,no_data,no_data,no_data,reported,reported,reported,reported,reported
2025,KS,Kansas,16110,Monitoring County 110,160039,2.8,0.031,32.38,11.963,,49.109,,,,2.691,reported,reported,reported,reported,insufficient_data,reported,no_data,no_data,insufficient_data,reported
2025,KS,Kansas,16157,Monitoring County 157,240383,2.609,0.014,,,,55.354,11.247,11.428,,,reported,reported,no_data,no_data,no_data,reported,reported,reported,no_data,insufficient_data
2025,KS,Kansas,16175,Monitoring County 175,167099,2.626,,33.88,17.281,,,44.044,,,3.863,reported,no_data,reported,reported,no_data,no_data,reported,no_data,no_data,reported
2025,KY,Kentucky,17034,Monitoring County 034,113931,,,43.334,33.237,44.03,66.847,26.033,,,,no_data,insufficient_data,reported,reported,reported,reported,reported,no_data,no_data,no_data
2025,KY,Kentucky,17076,Monitoring County 076,449553,4.701,,35.313,,,90.095,25.066,5.505,,9.305,reported,no_data,reported,no_data,no_data,reported,reported,reported,no_data,reported
2025,KY,Kentucky,17092,Monitoring County 092,29589,,0.015,,,38.748,57.245,9.836,3.812,,,insufficient_data,reported,no_data,insufficient_data,reported,reported,reported,reported,insufficient_data,insufficient_data
2025,KY,Kentucky,17148,Monitoring County 148,119782,4.364,0.052,24.468,,39.679,32.084,,6.356,8.826,,reported,reported,reported,no_data,reported,reported,no_data,reported,reported,insufficient_data
2025,KY,Kentucky,17152,Monitoring County 152,33654,6.093,0.065,61.49,10.291,,44.629,18.316,,26.81,,reported,reported,reported,reported,no_data,reported,reported,no_data,reported,no_data
2025,KY,Kentucky,17201,Monitoring County 201,564056,,,,15.753,,,13.102,,24.174,7.658,no_data,no_data,insufficient_data,reported,no_data,no_data,reported,no_data,reported,reported
2025,KY,Kentucky,17226,Monitoring County 226,144723,,,52.812,29.685,48.349,,,3.577,10.927,3.14,no_data,no_data,reported,reported,reported,no_data,no_data,reported,reported,reported
2025,KY,Kentucky,17275,Monitoring County 275,18898,4.235,,80.561,21.941,33.513,79.185,16.838,,,,reported,insufficient_data,reported,reported,reported,reported,reported,no_data,no_data,no_data
2025,LA,Louisiana,18094,Monitoring County 094,26252,4.204,,,,51.056,39.171,14.091,,12.591,6.132,reported,no_data,no_data,no_data,reported,reported,reported,no_data,reported,reported
2025,LA,Louisiana,18185,Monitoring County 185,63715,1.942,0.069,25.619,,65.725,34.631,,3.252,21.088,3.984,reported,reported,reported,no_data,reported,reported,insufficient_data,reported,reported,reported
2025,LA,Louisiana,18206,Monitoring County 206,30338,,,,,33.198,,15.606,7.177,41.915,7.569,insufficient_data,no_data,no_data,insufficient_data,reported,no_data,reported,reported,reported,reported
2025,LA,Louisiana,18246,Monitoring County 246,20857,,0.031,44.377,,,,,,20.418,,no_data,reported,reported,insufficient_data,no_data,no_data,no_data,no_data,reported,no_data
2025,MA,Massachusetts,21053,Monitoring County 053,21315,4.247,0.057,35.529,16.319,,31.5,,8.751,,13.437,reported,reported,reported,reported,insufficient_data,reported,no_data,reported,no_data,reported
2025,MA,Massachusetts,21055,Monitoring County 055,52779,3.79,0.033,,24.873,,67.951,,,,5.758,reported,reported,no_data,reported,no_data,reported,no_data,insufficient_data,no_data,reported
2025,MA,Massachusetts,21086,Monitoring County 086,25475,,0.038,,47.506,38.553,46.349,23.884,3.526,9.73,3.924,no_data,reported,no_data,reported,reported,reported,reported,reported,reported,reported
2025,MA,Massachusetts,21112,Monitoring County 112,65045,5.141,0.032,57.827,,,,16.568,8.451,,5.115,reported,reported,reported,no_data,no_data,no_data,reported,reported,no_data,reported
2025,MA,Massachusetts,21129,Monitoring County 129,31708,2.062,,51.247,,69.893,,16.038,6.564,32.517,3.974,reported,no_data,reported,insufficient_data,reported,no_data,reported,reported,reported,reported
2025,MA,Massachusetts,21178,Monitoring County 178,165213,,,,,64.717,107.893,,6.998,,,no_data,no_data,no_data,no_data,reported,reported,no_data,reported,no_data,no_data
2025,MA,Massachusetts,21181,Monitoring County 181,211308,1.606,0.029,35.542,24.364,39.079,74.426,,,,2.774,reported,reported,reported,reported,reported,reported,no_data,no_data,insufficient_data,reported
2025,MA,Massachusetts,21301,Monitoring County 301,207013,,0.08,,,,31.454,12.297,4.967,6.652,,no_data,reported,no_data,no_data,no_data,reported,reported,reported,reported,no_data
2025,MD,Maryland,20030,Monitoring County 030,103707,2.059,0.028,26.837,31.93,,45.997,,6.766,55.866,,reported,reported,reported,reported,no_data,reported,no_data,reported,reported,no_data
2025,MD,Maryland,20082,Monitoring County 082,39700,2.871,0.015,43.809,,37.801,57.423,44.834,,,,reported,reported,reported,no_data,reported,reported,reported,no_data,no_data,no_data
2025,MD,Maryland,20096,Monitoring County 096,55002,4.209,0.049,63.521,20.45,36.439,37.431,,5.605,19.682,3.678,reported,reported,reported,reported,reported,reported,no_data,reported,reported,reported
2025,MD,Maryland,20136,Monitoring County 136,86136,5.921,,,19.569,49.08,53.367,18.134,5.379,42.649,,reported,insufficient_data,no_data,reported,reported,reported,reported,reported,reported,insufficient_data
2025,MD,Maryland,20141,Monitoring County 141,697222,4.763,0.028,32.969,,,55.249,8.069,,,3.408,reported,reported,reported,insufficient_data,no_data,reported,reported,no_data,no_data,reported
2025,MD,Maryland,20191,Monitoring County 191,94391,2.81,,19.903,27.248,,,,6.676,18.167,4.765,reported,no_data,reported,reported,no_data,no_data,no_data,reported,reported,reported
2025,MD,Maryland,20207,Monitoring County 207,88172,2.325,,74.723,25.04,15.503,,27.286,10.506,19.12,,reported,no_data,reported,reported,reported,no_data,reported,reported,reported,no_data
2025,MD,Maryland,20247,Monitoring County 247,80862,4.807,0.025,,30.087,,,26.323,8.16,19.178,,reported,reported,insufficient_data,reported,no_data,no_data,reported,reported,reported,no_data
2025,MD,Maryland,20251,Monitoring County 251,54052,,,94.828,,,26.267,21.556,,8.52,,no_data,no_data,reported,insufficient_data,no_data,reported,reported,no_data,reported,no_data
2025,ME,Maine,19047,Monitoring County 047,86878,1.827,0.029,,35.757,42.154,43.211,15.468,3.307,22.301,,reported,reported,no_data,reported,reported,reported,reported,reported,reported,no_data
2025,ME,Maine,19101,Monitoring County 101,51911,6.279,,,25.614,17.871,48.126,,6.694,,3.078,reported,no_data,no_data,reported,reported,reported,no_data,reported,no_data,reported
2025,ME,Maine,19145,Monitoring County 145,37393,,0.024,41.751,19.337,77.162,41.631,25.348,,,,insufficient_data,reported,reported,reported,reported,reported,reported,no_data,no_data,no_data
2025,ME,Maine,19173,Monitoring County 173,101151,4.044,0.035,,19.346,61.784,51.064,17.753,,16.914,4.454,reported,reported,no_data,reported,reported,reported,reported,no_data,reported,reported
2025,ME,Maine,19212,Monitoring County 212,134056,2.478,,,,,47.566,15.698,3.964,16.336,,reported,no_data,no_data,insufficient_data,no_data,reported,reported,reported,reported,no_data
2025,ME,Maine,19219,Monitoring County 219,58087,2.824,0.065,10.35,12.407,,77.54,35.891,6.18,16.384,3.324,reported,reported,reported,reported,no_data,reported,reported,reported,reported,reported
2025,ME,Maine,19238,Monitoring County 238,385787,1.621,0.035,27.557,39.273,84.81,84.973,14.57,11.91,,,reported,reported,reported,reported,reported,reported,reported,reported,no_data,no_data
2025,ME,Maine,19266,Monitoring County 266,31367,1.978,,,25.191,,,,10.315,30.169,4.614,reported,insufficient_data,no_data,reported,no_data,no_data,no_data,reported,reported,reported
2025,ME,Maine,19313,Monitoring County 313,94540,,,,25.269,66.46,37.693,21.521,6.919,15.939,3.75,insufficient_data,insufficient_data,insufficient_data,reported,reported,reported,reported,reported,reported,reported
2025,MI,Michigan,22093,Monitoring County 093,92808,4.434,,,17.485,,64.096,19.973,16.563,,2.981,reported,no_data,no_data,reported,no_data,reported,reported,reported,no_data,reported
2025,MI,Michigan,22111,Monitoring County 111,268086,,0.066,,,,49.21,22.306,5.671,,4.395,no_data,reported,no_data,no_data,insufficient_data,reported,reported,reported,no_data,reported
2025,MI,Michigan,22125,Monitoring County 125,97357,2.127,0.021,44.881,10.077,,67.3,8.329,,19.39,3.183,reported,reported,reported,reported,no_data,reported,reported,no_data,reported,reported
2025,MI,Michigan,22164,Monitoring County 164,43084,1.873,,20.839,23.46,48.499,,17.745,,,2.561,reported,no_data,reported,reported,reported,no_data,reported,no_data,no_data,reported
2025,MI,Michigan,22268,Monitoring County 268,509017,1.974,0.048,,19.801,78.611,37.562,38.002,3.949,23.017,5.949,reported,reported,no_data,reported,reported,reported,reported,reported,reported,reported
2025,MN,Minnesota,23042,Monitoring County 042,87774,5.896,0.043,51.542,,,,,8.17,15.972,3.942,reported,reported,reported,no_data,no_data,no_data,no_data,reported,reported,reported
2025,MN,Minnesota,23046,Monitoring County 046,71667,1.648,,,52.396,21.76,38.637,,,,,reported,no_data,no_data,reported,reported,reported,no_data,no_data,no_data,no_data
2025,MN,Minnesota,23050,Monitoring County 050,21744,,0.036,33.929,54.505,65.538,,20.834,,21.759,7.826,no_data,reported,reported,reported,reported,no_data,reported,no_data,reported,reported
2025,MN,Minnesota,23174,Monitoring County 174,31133,,,60.328,,,,,4.473,36.236,5.296,no_data,insufficient_data,reported,no_data,insufficient_data,no_data,insufficient_data,reported,reported,reported
2025,MN,Minnesota,23187,Monitoring County 187,258929,,0.027,,,,86.991,19.935,9.82,20.573,,insufficient_data,reported,no_data,no_data,no_data,reported,reported,reported,reported,insufficient_data
2025,MN,Minnesota,23250,Monitoring County 250,23238,1.42,0.046,41.182,15.581,38.834,,,,,2.243,reported,reported,reported,reported,reported,no_data,insufficient_data,no_data,no_data,reported
2025,MO,Missouri,25014,Monitoring County 014,240891,1.662,0.026,,,49.612,,,6.305,,,reported,reported,insufficient_data,no_data,reported,no_data,no_data,reported,no_data,no_data
2025,MO,Missouri,25130,Monitoring County 130,146699,,,36.492,11.448,39.993,,,8.79,,5.174,no_data,no_data,reported,reported,reported,insufficient_data,no_data,reported,no_data,reported
2025,MO,Missouri,25216,Monitoring County 216,390940,3.614,,56.289,40.379,23.046,53.215,,5.249,,,reported,insufficient_data,reported,reported,reported,reported,insufficient_data,reported,no_data,no_data
2025,MO,Missouri,25223,Monitoring County 223,118711,,,54.906,,50.656,,,,,5.058,no_data,insufficient_data,reported,no_data,reported,no_data,no_data,no_data,insufficient_data,reported
2025,MO,Missouri,25262,Monitoring County 262,137121,1.531,0.034,61.975,28.578,,,,11.411,18.98,3.723,reported,reported,reported,reported,no_data,no_data,no_data,reported,reported,reported
2025,MO,Missouri,25276,Monitoring County 276,396296,2.447,0.02,43.898,,24.296,,22.292,,16.804,4.314,reported,reported,reported,no_data,reported,no_data,reported,no_data,reported,reported
2025,MO,Missouri,25300,Monitoring County 300,149221,2.122,,24.369,21.387,,71.384,18.542,,5.294,,reported,no_data,reported,reported,insufficient_data,reported,reported,no_data,reported,insufficient_data
2025,MS,Mississippi,24049,Monitoring County 049,42572,4.727,,37.245,,,58.616,9.101,3.524,41.078,7.733,reported,no_data,reported,insufficient_data,no_data,reported,reported,reported,reported,reported
2025,MS,Mississippi,24097,Monitoring County 097,130948,5.871,0.027,,,66.536,52.52,13.517,,28.097,6.52,reported,reported,insufficient_data,insufficient_data,reported,reported,reported,no_data,reported,reported
2025,MS,Mississippi,24257,Monitoring County 257,131536,,0.037,55.318,21.961,85.609,,,,,2.858,no_data,reported,reported,reported,reported,no_data,no_data,no_data,no_data,reported
2025,MS,Mississippi,24284,Monitoring County 284,87757,5.032,0.038,18.015,56.756,,95.139,,9.006,,,reported,reported,reported,reported,no_data,reported,no_data,reported,no_data,no_data
2025,MT,Montana,26137,Monitoring County 137,53823,4.296,,,,27.644,52.869,,3.252,16.008,6.12,reported,no_data,no_data,no_data,reported,reported,no_data,reported,reported,reported
2025,MT,Montana,26163,Monitoring County 163,1271792,2.526,,,18.189,44.885,,32.092,6.538,11.743,5.807,reported,no_data,no_data,reported,reported,no_data,reported,reported,reported,reported
2025,MT,Montana,26165,Monitoring County 165,180635,,0.019,24.891,,,,29.858,,,3.065,no_data,reported,reported,no_data,no_data,no_data,reported,no_data,no_data,reported
2025,MT,Montana,26172,Monitoring County 172,78135,3.028,,36.49,16.909,,25.975,18.33,,21.698,3.844,reported,no_data,reported,reported,no_data,reported,reported,no_data,reported,reported
2025,MT,Montana,26265,Monitoring County 265,155877,4.453,,39.696,21.21,48.876,,53.029,10.284,,3.187,reported,no_data,reported,reported,reported,no_data,reported,reported,insufficient_data,reported
2025,MT,Montana,26289,Monitoring County 289,40729,5.842,0.078,33.142,17.45,43.052,37.382,,4.631,21.706,,reported,reported,reported,reported,reported,reported,no_data,reported,reported,no_data
2025,NC,North Carolina,33100,Monitoring County 100,134519,,,123.094,24.071,67.51,23.288,24.831,9.245,14.789,,no_data,no_data,reported,reported,reported,reported,reported,reported,reported,no_data
2025,NC,North Carolina,33128,Monitoring County 128,158047,3.412,,15.699,10.989,73.837,,19.653,,25.203,,reported,no_data,reported,reported,reported,no_data,reported,no_data,reported,no_data
2025,NC,North Carolina,33177,Monitoring County 177,183957,1.752,0.055,53.692,,19.024,37.55,,3.499,9.572,6.565,reported,reported,reported,insufficient_data,reported,reported,no_data,reported,reported,reported
2025,NC,North Carolina,33184,Monitoring County 184,219064,2.661,0.035,,,60.733,95.502,25.96,6.82,15.507,,reported,reported,insufficient_data,no_data,reported,reported,reported,reported,reported,no_data
2025,NC,North Carolina,33220,Monitoring County 220,287832,1.721,0.076,69.923,22.029,63.23,,12.071,,,4.636,reported,reported,reported,reported,reported,insufficient_data,reported,insufficient_data,no_data,reported
2025,NC,North Carolina,33264,Monitoring County 264,325140,,0.038,37.289,,,78.608,,,9.595,4.06,insufficient_data,reported,reported,no_data,insufficient_data,reported,no_data,no_data,reported,reported
2025,NC,North Carolina,33274,Monitoring County 274,69537,6.882,,,,,73.817,32.595,,,5.503,reported,insufficient_data,insufficient_data,no_data,no_data,reported,reported,no_data,insufficient_data,reported
2025,NC,North Carolina,33308,Monitoring County 308,84406,,,36.532,23.479,36.651,36.374,,,12.518,4.261,insufficient_data,no_data,reported,reported,reported,reported,no_data,no_data,reported,reported
2025,ND,North Dakota,34068,Monitoring County 068,104302,2.01,0.044,67.127,,45.959,,,5.101,,2.623,reported,reported,reported,no_data,reported,no_data,no_data,reported,no_data,reported
2025,ND,North Dakota,34075,Monitoring County 075,66019,,,26.444,,18.38,,18.109,3.153,,,no_data,no_data,reported,no_data,reported,no_data,reported,reported,no_data,insufficient_data
2025,ND,North Dakota,34134,Monitoring County 134,95739,0.943,,,32.388,26.14,,9.915,10.17,11.525,8.13,reported,no_data,no_data,reported,reported,no_data,reported,reported,reported,reported
2025,ND,North Dakota,34202,Monitoring County 202,186211,,0.036,,,33.083,,28.247,,,,insufficient_data,reported,no_data,insufficient_data,reported,no_data,reported,insufficient_data,no_data,no_data
2025,ND,North Dakota,34288,Monitoring County 288,56004,2.727,0.078,49.968,16.938,74.709,,12.647,,,5.744,reported,reported,reported,reported,reported,no_data,reported,no_data,insufficient_data,reported
2025,NE,Nebraska,27069,Monitoring County 069,92178,,0.046,,,,42.543,10.175,6.049,20.251,2.747,no_data,reported,no_data,insufficient_data,no_data,reported,reported,reported,reported,reported
2025,NE,Nebraska,27079,Monitoring County 079,74746,2.916,,20.851,46.386,76.373,,11.903,,16.568,4.02,reported,no_data,reported,reported,reported,no_data,reported,no_data,reported,reported
2025,NE,Nebraska,27115,Monitoring County 115,160112,,0.041,,31.256,48.398,60.096,11.249,10.985,,,no_data,reported,insufficient_data,reported,reported,reported,reported,reported,no_data,no_data
2025,NE,Nebraska,27156,Monitoring County 156,143811,,0.029,,14.505,34.772,77.916,11.082,9.325,10.373,10.471,insufficient_data,reported,no_data,reported,reported,reported,reported,reported,reported,reported
2025,NE,Nebraska,27253,Monitoring County 253,91249,2.644,,66.911,,49.238,71.869,,9.539,,6.286,reported,no_data,reported,no_data,reported,reported,insufficient_data,reported,insufficient_data,reported
2025,NE,Nebraska,27277,Monitoring County 277,8347,,,47.587,,,45.824,,10.913,,9.581,no_data,no_data,reported,no_data,no_data,reported,no_data,reported,no_data,reported
2025,NH,New Hampshire,29006,Monitoring County 006,99599,4.019,,57.734,,44.524,76.867,23.23,,11.304,1.444,reported,no_data,reported,no_data,reported,reported,reported,no_data,reported,reported
2025,NH,New Hampshire,29058,Monitoring County 058,64218,2.034,0.035,,14.407,,78.098,14.721,5.251,15.28,4.978,reported,reported,no_data,reported,no_data,reported,reported,reported,reported,reported
2025,NH,New Hampshire,29159,Monitoring County 159,120960,,0.03,,17.932,,47.978,13.783,3.157,6.66,,no_data,reported,insufficient_data,reported,no_data,reported,reported,reported,reported,no_data
2025,NH,New Hampshire,29182,Monitoring County 182,145561,,,,,,,23.829,,,9.423,no_data,no_data,no_data,no_data,no_data,no_data,reported,no_data,no_data,reported
2025,NH,New Hampshire,29294,Monitoring County 294,35245,2.86,0.017,75.375,,20.26,,,6.992,23.289,2.85,reported,reported,reported,no_data,reported,no_data,no_data,reported,reported,reported
2025,NH,New Hampshire,29309,Monitoring County 309,886673,,,50.241,16.24,46.887,39.255,,4.789,10.618,,no_data,no_data,reported,reported,reported,reported,no_data,reported,reported,insufficient_data
2025,NJ,New Jersey,30074,Monitoring County 074,53744,2.235,0.077,26.012,19.55,,,,11.558,28.053,,reported,reported,reported,reported,no_data,no_data,no_data,reported,reported,no_data
2025,NJ,New Jersey,30087,Monitoring County 087,72576,,,,,,,34.87,,14.156,,no_data,no_data,no_data,insufficient_data,no_data,insufficient_data,reported,no_data,reported,no_data
2025,NJ,New Jersey,30138,Monitoring County 138,123242,3.825,0.042,68.786,,44.058,,10.311,6.687,34.336,3.844,reported,reported,reported,no_data,reported,no_data,reported,reported,reported,reported
2025,NJ,New Jersey,30154,Monitoring County 154,152565,3.5,,,,,31.667,15.351,11.062,33.796,7.03,reported,no_data,no_data,no_data,no_data,reported,reported,reported,reported,reported
2025,NJ,New Jersey,30221,Monitoring County 221,47236,,0.075,46.073,25.521,,39.788,22.632,10.832,24.971,,no_data,reported,reported,reported,no_data,reported,reported,reported,reported,insufficient_data
2025,NM,New Mexico,31032,Monitoring County 032,66052,3.131,,25.074,21.13,73.883,,15.867,,23.197,6.408,reported,no_data,reported,reported,reported,insufficient_data,reported,no_data,reported,reported
2025,NM,New Mexico,31056,Monitoring County 056,160870,,,62.431,,68.949,54.348,24.27,,,3.164,insufficient_data,no_data,reported,no_data,reported,reported,reported,no_data,no_data,reported
2025,NM,New Mexico,31059,Monitoring County 059,36072,4.421,0.035,81.52,22.413,32.264,,10.459,,,,reported,reported,reported,reported,reported,no_data,reported,no_data,no_data,no_data
2025,NM,New Mexico,31061,Monitoring County 061,31277,11.7,0.043,77.755,,88.392,,,5.053,9.371,,reported,reported,reported,insufficient_data,reported,no_data,no_data,reported,reported,no_data
2025,NM,New Mexico,31077,Monitoring County 077,35920,3.772,0.022,,43.197,,71.577,,,,,reported,reported,insufficient_data,reported,no_data,reported,no_data,no_data,no_data,no_data
2025,NM,New Mexico,31119,Monitoring County 119,34189,3.803,,48.716,24.646,,,11.205,,13.533,,reported,no_data,reported,reported,no_data,no_data,reported,no_data,reported,no_data
2025,NM,New Mexico,31126,Monitoring County 126,91800,4.846,0.034,,35.717,78.567,,,6.359,,,reported,reported,no_data,reported,reported,no_data,no_data,reported,insufficient_data,no_data
2025,NM,New Mexico,31127,Monitoring County 127,426184,,,88.89,23.025,,,14.863,,37.249,,no_data,no_data,reported,reported,no_data,no_data,reported,no_data,reported,no_data
2025,NM,New Mexico,31233,Monitoring County 233,125913,3.433,0.018,65.864,13.34,55.106,,,,24.614,5.169,reported,reported,reported,reported,reported,insufficient_data,no_data,no_data,reported,reported
2025,NM,New Mexico,31273,Monitoring County 273,49397,1.892,,23.357,,47.679,29.256,17.711,7.807,,,reported,no_data,reported,insufficient_data,reported,reported,reported,reported,no_data,no_data
2025,NM,New Mexico,31312,Monitoring County 312,49853,,,,,63.125,52.033,15.669,5.36,16.488,,no_data,no_data,insufficient_data,no_data,reported,reported,reported,reported,reported,no_data
2025,NV,Nevada,28065,Monitoring County 065,75175,3.547,,44.961,,47.108,,9.868,11.484,20.79,,reported,no_data,reported,no_data,reported,no_data,reported,reported,reported,no_data
2025,NV,Nevada,28089,Monitoring County 089,57576,3.737,0.024,27.48,30.621,43.174,36.053,,5.26,22.068,7.977,reported,reported,reported,reported,reported,reported,no_data,reported,reported,reported
2025,NV,Nevada,28108,Monitoring County 108,109482,,,39.555,36.966,,131.622,12.091,21.843,32.113,4.275,no_data,no_data,reported,reported,no_data,reported,reported,reported,reported,reported
2025,NV,Nevada,28314,Monitoring County 314,76031,2.843,0.036,,9.336,,66.599,,,,6.482,reported,reported,no_data,reported,no_data,reported,no_data,insufficient_data,no_data,reported
2025,NY,New York,32022,Monitoring County 022,44444,4.435,0.036,,,,23.151,,11.888,,9.487,reported,reported,no_data,insufficient_data,no_data,reported,no_data,reported,no_data,reported
2025,NY,New York,32070,Monitoring County 070,7503,3.746,,,,,33.366,12.859,,21.454,2.578,reported,insufficient_data,no_data,no_data,no_data,reported,reported,no_data,reported,reported
2025,NY,New York,32166,Monitoring County 166,322207,,0.022,38.015,,,,,,18.7,2.998,insufficient_data,reported,reported,no_data,no_data,no_data,no_data,no_data,reported,reported
2025,NY,New York,32170,Monitoring County 170,52376,3.464,,,32.975,32.082,,45.827,,48.08,9.363,reported,insufficient_data,no_data,reported,reported,insufficient_data,reported,no_data,reported,reported
2025,NY,New York,32196,Monitoring County 196,70088,5.891,,24.576,27.835,21.031,,25.502,15.236,17.224,,reported,no_data,reported,reported,reported,no_data,reported,reported,reported,no_data
2025,NY,New York,32209,Monitoring County 209,215595,3.239,,35.871,32.906,25.337,,,,23.712,4.904,reported,no_data,reported,reported,reported,no_data,no_data,no_data,reported,reported
2025,NY,New York,32229,Monitoring County 229,99860,2.815,,38.629,51.727,,59.114,7.16,6.119,27.077,8.942,reported,no_data,reported,reported,no_data,reported,reported,reported,reported,reported
2025,NY,New York,32291,Monitoring County 291,42864,2.025,,52.309,,39.409,,46.307,5.868,15.282,4.658,reported,no_data,reported,no_data,reported,no_data,reported,reported,reported,reported
2025,NY,New York,32304,Monitoring County 304,109677,5.056,,45.238,18.053,,26.553,22.727,4.48,23.517,8.968,reported,no_data,reported,reported,no_data,reported,reported,reported,reported,reported
2025,OH,Ohio,35063,Monitoring County 063,158957,,,40.237,,64.805,25.798,25.248,,,6.095,no_data,no_data,reported,no_data,reported,reported,reported,insufficient_data,no_data,reported
2025,OH,Ohio,35144,Monitoring County 144,137078,,0.04,25.257,21.254,30.436,114.335,,5.559,15.766,,no_data,reported,reported,reported,reported,reported,no_data,reported,reported,no_data
2025,OK,Oklahoma,36007,Monitoring County 007,13085,2.86,0.043,,29.022,49.106,,19.674,8.67,20.43,,reported,reported,no_data,reported,reported,no_data,reported,reported,reported,no_data
2025,OK,Oklahoma,36028,Monitoring County 028,59161,,,,,,,13.043,14.555,18.567,,no_data,no_data,no_data,no_data,insufficient_data,no_data,reported,reported,reported,insufficient_data
2025,OK,Oklahoma,36043,Monitoring County 043,72533,,0.016,,39.774,,36.374,33.196,,19.381,,no_data,reported,insufficient_data,reported,no_data,reported,reported,no_data,reported,no_data
2025,OK,Oklahoma,36048,Monitoring County 048,380336,1.63,,45.615,24.215,33.519,,14.402,6.068,,4.267,reported,insufficient_data,reported,reported,reported,no_data,reported,reported,insufficient_data,reported
2025,OK,Oklahoma,36107,Monitoring County 107,118501,5.491,,58.245,19.149,9.543,73.301,26.982,5.702,43.217,,reported,insufficient_data,reported,reported,reported,reported,reported,reported,reported,no_data
2025,OK,Oklahoma,36183,Monitoring County 183,41541,,,23.526,21.211,71.766,51.781,,7.41,,5.144,no_data,no_data,reported,reported,reported,reported,insufficient_data,reported,no_data,reported
2025,OK,Oklahoma,36211,Monitoring County 211,148228,2.817,0.032,,11.411,46.369,81.458,27.53,,20.474,5.213,reported,reported,no_data,reported,reported,reported,reported,insufficient_data,reported,reported
2025,OK,Oklahoma,36236,Monitoring County 236,66197,4.721,0.043,46.292,32.738,54.724,,,,16.578,11.504,reported,reported,reported,reported,reported,no_data,insufficient_data,no_data,reported,reported
2025,OK,Oklahoma,36283,Monitoring County 283,20179,3.229,,41.395,29.332,,,,5.338,19.285,9.484,reported,no_data,reported,reported,no_data,no_data,no_data,reported,reported,reported
2025,OK,Oklahoma,36290,Monitoring County 290,219731,,0.033,44.519,44.092,27.043,,,6.772,13.896,3.758,no_data,reported,reported,reported,reported,no_data,insufficient_data,reported,reported,reported
2025,OR,Oregon,37038,Monitoring County 038,212712,2.363,0.1,28.236,,61.831,78.776,,3.305,12.737,5.088,reported,reported,reported,no_data,reported,reported,insufficient_data,reported,reported,reported
2025,OR,Oregon,37057,Monitoring County 057,79005,0.998,0.04,28.757,,127.749,58.019,20.295,4.425,28.519,2.312,reported,reported,reported,no_data,reported,reported,reported,reported,reported,reported
2025,OR,Oregon,37064,Monitoring County 064,63326,2.115,,34.134,,,54.516,,6.147,,,reported,no_data,reported,insufficient_data,no_data,reported,no_data,reported,no_data,no_data
2025,OR,Oregon,37195,Monitoring County 195,75067,2.576,,71.206,,,,18.236,,14.413,3.083,reported,insufficient_data,reported,no_data,no_data,no_data,reported,no_data,reported,reported
2025,OR,Oregon,37242,Monitoring County 242,330979,,0.035,60.799,,24.906,,23.311,,,2.411,no_data,reported,reported,no_data,reported,no_data,reported,no_data,no_data,reported
2025,OR,Oregon,37315,Monitoring County 315,216820,2.156,0.026,,,24.962,,33.394,,13.251,,reported,reported,no_data,no_data,reported,no_data,reported,no_data,reported,no_data
2025,PA,Pennsylvania,38025,Monitoring County 025,10609,3.507,0.063,127.732,47.886,,,36.597,,25.264,4.868,reported,reported,reported,reported,no_data,no_data,reported,no_data,reported,reported
2025,PA,Pennsylvania,38052,Monitoring County 052,58322,,0.034,,,26.879,,,6.06,,10.808,no_data,reported,no_data,no_data,reported,no_data,no_data,reported,no_data,reported
2025,PA,Pennsylvania,38121,Monitoring County 121,116994,3.167,,,41.885,44.573,,,7.842,,,reported,no_data,insufficient_data,reported,reported,insufficient_data,no_data,reported,no_data,no_data
2025,PA,Pennsylvania,38153,Monitoring County 153,59052,1.764,,49.33,,,113.239,,,15.704,1.574,reported,no_data,reported,no_data,insufficient_data,reported,no_data,no_data,reported,reported
2025,PA,Pennsylvania,38225,Monitoring County 225,559744,2.384,,,6.341,,,18.961,8.226,26.001,6.081,reported,no_data,no_data,reported,no_data,no_data,reported,reported,reported,reported
2025,PA,Pennsylvania,38245,Monitoring County 245,63472,,0.046,23.448,27.902,44.975,55.64,27.295,7.133,13.383,,no_data,reported,reported,reported,reported,reported,reported,reported,reported,no_data
2025,PA,Pennsylvania,38295,Monitoring County 295,94438,,0.061,47.058,,100.123,,,14.344,17.925,2.98,no_data,reported,reported,no_data,reported,no_data,no_data,reported,reported,reported
2025,RI,Rhode Island,39002,Monitoring County 002,87709,,0.05,20.624,28.204,56.814,,,,19.84,7.551,no_data,reported,reported,reported,reported,no_data,no_data,no_data,reported,reported
2025,RI,Rhode Island,39067,Monitoring County 067,47231,,,,17.144,,38.565,16.022,4.184,10.721,6.916,no_data,no_data,no_data,reported,no_data,reported,reported,reported,reported,reported
2025,RI,Rhode Island,39105,Monitoring County 105,32171,,0.015,,18.953,53.073,66.452,27.632,6.734,14.398,4.716,no_data,reported,no_data,reported,reported,reported,reported,reported,reported,reported
2025,RI,Rhode Island,39200,Monitoring County 200,73586,,,81.694,35.367,14.003,,,,13.322,3.549,no_data,insufficient_data,reported,reported,reported,no_data,no_data,no_data,reported,reported
2025,RI,Rhode Island,39271,Monitoring County 271,48522,,0.074,46.534,37.571,,,9.603,,28.674,3.308,insufficient_data,reported,reported,reported,insufficient_data,no_data,reported,insufficient_data,reported,reported
2025,RI,Rhode Island,39297,Monitoring County 297,45793,1.583,,43.111,,68.729,36.765,28.842,3.37,27.321,4.274,reported,no_data,reported,no_data,reported,reported,reported,reported,reported,reported
2025,SC,South Carolina,40013,Monitoring County 013,126106,10.184,0.023,26.079,12.216,49.969,35.887,19.915,9.385,,4.369,reported,reported,reported,reported,reported,reported,reported,reported,no_data,reported
2025,SC,South Carolina,40045,Monitoring County 045,55564,1.334,0.04,66.132,,22.381,,20.574,,17.317,5.835,reported,reported,reported,no_data,reported,insufficient_data,reported,insufficient_data,reported,reported
2025,SC,South Carolina,40256,Monitoring County 256,56106,,,,16.068,46.132,,,5.834,26.84,11.225,insufficient_data,insufficient_data,no_data,reported,reported,insufficient_data,no_data,reported,reported,reported
2025,SD,South Dakota,41037,Monitoring County 037,645080,2.826,0.058,24.323,20.091,54.602,59.068,,,35.198,,reported,reported,reported,reported,reported,reported,no_data,insufficient_data,reported,no_data
2025,SD,South Dakota,41099,Monitoring County 099,32888,,0.053,,,25.929,30.115,21.448,11.884,,,insufficient_data,reported,no_data,no_data,reported,reported,reported,reported,no_data,insufficient_data
2025,SD,South Dakota,41120,Monitoring County 120,17261,,,37.774,,51.728,64.5,,,35.655,,no_data,insufficient_data,reported,no_data,reported,reported,no_data,no_data,reported,insufficient_data
2025,SD,South Dakota,41180,Monitoring County 180,44917,2.498,0.051,,17.539,,52.813,,,,,reported,reported,no_data,reported,no_data,reported,no_data,insufficient_data,no_data,no_data
2025,SD,South Dakota,41194,Monitoring County 194,29941,2.238,,,,36.667,79.35,5.132,,,3.595,reported,no_data,no_data,insufficient_data,reported,reported,reported,no_data,no_data,reported
2025,SD,South Dakota,41263,Monitoring County 263,83035,5.416,0.021,23.37,35.17,30.884,,13.737,5.275,,4.129,reported,reported,reported,reported,reported,no_data,reported,reported,no_data,reported
2025,SD,South Dakota,41302,Monitoring County 302,225774,,,32.648,23.229,,,26.552,6.527,18.896,6.621,insufficient_data,no_data,reported,reported,no_data,no_data,reported,reported,reported,reported
2025,TN,Tennessee,42010,Monitoring County 010,41881,7.41,0.054,,,151.227,,20.474,8.591,,8.339,reported,reported,no_data,no_data,reported,insufficient_data,reported,reported,no_data,reported
2025,TN,Tennessee,42078,Monitoring County 078,73531,,,,30.727,75.698,91.374,8.424,5.265,15.521,,no_data,no_data,no_data,reported,reported,reported,reported,reported,reported,no_data
2025,TN,Tennessee,42103,Monitoring County 103,34711,,0.034,24.82,23.392,52.191,93.602,22.01,10.55,,3.414,no_data,reported,reported,reported,reported,reported,reported,reported,no_data,reported
2025,TN,Tennessee,42122,Monitoring County 122,18057,4.699,,62.502,,28.133,25.863,33.058,5.618,14.646,2.9,reported,insufficient_data,reported,no_data,reported,reported,reported,reported,reported,reported
2025,TN,Tennessee,42147,Monitoring County 147,43304,3.263,,47.85,27.219,,45.634,15.721,10.024,43.28,2.291,reported,no_data,reported,reported,no_data,reported,reported,reported,reported,reported
2025,TN,Tennessee,42186,Monitoring County 186,23937,,0.022,39.582,46.295,,,,8.826,,,no_data,reported,reported,reported,no_data,no_data,insufficient_data,reported,no_data,insufficient_data
2025,TN,Tennessee,42234,Monitoring County 234,30472,,,60.186,14.425,,,33.238,7.087,,,no_data,no_data,reported,reported,insufficient_data,no_data,reported,reported,no_data,no_data
2025,TN,Tennessee,42240,Monitoring County 240,117811,,,53.985,,58.369,51.664,14.081,,8.672,3.314,no_data,no_data,reported,no_data,reported,reported,reported,no_data,reported,reported
2025,TN,Tennessee,42255,Monitoring County 255,76182,,,57.115,,56.818,53.987,,7.743,20.593,2.655,no_data,no_data,reported,insufficient_data,reported,reported,no_data,reported,reported,reported
2025,TN,Tennessee,42272,Monitoring County 272,153124,2.92,,35.394,,53.339,,28.227,18.295,,7.481,reported,insufficient_data,reported,no_data,reported,insufficient_data,reported,reported,no_data,reported
2025,TN,Tennessee,42286,Monitoring County 286,44234,3.691,,28.497,,81.375,42.144,19.945,,25.959,3.5,reported,no_data,reported,no_data,reported,reported,reported,insufficient_data,reported,reported
2025,TN,Tennessee,42310,Monitoring County 310,31676,4.439,,27.071,30.016,67.323,50.465,16.511,,81.833,3.716,reported,no_data,reported,reported,reported,reported,reported,no_data,reported,reported
2025,TN,Tennessee,42320,Monitoring County 320,89652,,,,41.276,69.771,50.595,12.555,,11.594,,insufficient_data,insufficient_data,no_data,reported,reported,reported,reported,no_data,reported,no_data
2025,TX,Texas,43161,Monitoring County 161,144549,3.309,0.033,,20.114,28.722,,44.084,,21.122,,reported,reported,no_data,reported,reported,no_data,reported,no_data,reported,insufficient_data
2025,TX,Texas,43197,Monitoring County 197,107589,3.132,0.059,64.045,31.025,,53.037,20.641,,,5.632,reported,reported,reported,reported,no_data,reported,reported,no_data,no_data,reported
2025,TX,Texas,43305,Monitoring County 305,57784,2.406,,,23.481,27.867,23.335,23.274,,24.678,1.88,reported,no_data,no_data,reported,reported,reported,reported,no_data,reported,reported
2025,TX,Texas,43311,Monitoring County 311,203599,,,20.832,16.542,,74.133,27.786,9.395,19.639,,insufficient_data,no_data,reported,reported,insufficient_data,reported,reported,reported,reported,no_data
2025,UT,Utah,44003,Monitoring County 003,250630,2.759,,39.794,40.378,,65.793,15.615,,31.088,,reported,no_data,reported,reported,no_data,reported,reported,no_data,reported,no_data
2025,UT,Utah,44098,Monitoring County 098,113050,4.683,,27.517,,,57.9,,,29.325,,reported,no_data,reported,no_data,no_data,reported,insufficient_data,no_data,reported,no_data
2025,UT,Utah,44114,Monitoring County 114,167698,,,54.565,15.24,,40.54,,9.25,,2.851,no_data,insufficient_data,reported,reported,no_data,reported,no_data,reported,insufficient_data,reported
2025,UT,Utah,44135,Monitoring County 135,54688,,,,15.229,46.673,55.729,22.13,5.198,15.061,,no_data,no_data,no_data,reported,reported,reported,reported,reported,reported,insufficient_data
2025,UT,Utah,44160,Monitoring County 160,159583,6.335,,,25.357,13.19,64.577,,5.421,,7.082,reported,no_data,no_data,reported,reported,reported,no_data,reported,no_data,reported
2025,UT,Utah,44171,Monitoring County 171,130563,1.767,0.044,30.031,,,,19.363,12.274,,4.116,reported,reported,reported,insufficient_data,no_data,no_data,reported,reported,no_data,reported
2025,UT,Utah,44198,Monitoring County 198,164610,3.529,,59.038,28.054,72.432,,,,16.715,2.939,reported,no_data,reported,reported,reported,no_data,no_data,no_data,reported,reported
2025,UT,Utah,44235,Monitoring County 235,77366,6.63,0.047,21.558,46.523,29.52,,36.382,4.078,17.958,2.339,reported,reported,reported,reported,reported,no_data,reported,reported,reported,reported
2025,UT,Utah,44307,Monitoring County 307,38727,,,27.12,,45.15,,22.854,6.181,16.889,8.464,no_data,no_data,reported,no_data,reported,no_data,reported,reported,reported,reported
2025,VA,Virginia,46237,Monitoring County 237,130771,,0.093,,13.342,,71.265,,10.83,15.878,7.214,no_data,reported,insufficient_data,reported,no_data,reported,no_data,reported,reported,reported
2025,VT,Vermont,45066,Monitoring County 066,76303,3.354,,30.809,,,21.22,27.36,9.401,16.902,3.331,reported,insufficient_data,reported,no_data,no_data,reported,reported,reported,reported,reported
2025,VT,Vermont,45084,Monitoring County 084,681361,2.439,,35.708,18.243,35.818,62.413,33.785,4.604,,6.527,reported,no_data,reported,reported,reported,reported,reported,reported,no_data,reported
2025,VT,Vermont,45095,Monitoring County 095,632341,3.391,0.041,17.143,27.367,50.725,31.35,16.305,12.406,,,reported,reported,reported,reported,reported,reported,reported,reported,no_data,no_data
2025,VT,Vermont,45116,Monitoring County 116,295176,,0.052,68.219,,,75.826,,,,3.295,no_data,reported,reported,no_data,no_data,reported,insufficient_data,no_data,no_data,reported
2025,VT,Vermont,45205,Monitoring County 205,101407,2.699,0.049,23.7,,46.93,128.323,14.118,,,3.514,reported,reported,reported,no_data,reported,reported,reported,no_data,insufficient_data,reported
2025,WA,Washington,47016,Monitoring County 016,112659,2.658,,,21.174,65.482,,,4.323,,,reported,insufficient_data,no_data,reported,reported,no_data,insufficient_data,reported,no_data,no_data
2025,WA,Washington,47023,Monitoring County 023,185784,3.816,,,,,92.142,,7.709,10.704,2.895,reported,no_data,no_data,no_data,insufficient_data,reported,no_data,reported,reported,reported
2025,WA,Washington,47039,Monitoring County 039,460461,1.701,0.023,42.119,,,,,4.249,36.966,,reported,reported,reported,no_data,no_data,no_data,no_data,reported,reported,no_data
2025,WA,Washington,47044,Monitoring County 044,30901,2.435,0.048,,,27.927,53.122,45.023,,13.78,,reported,reported,no_data,no_data,reported,reported,reported,insufficient_data,reported,no_data
2025,WA,Washington,47081,Monitoring County 081,169045,4.05,0.044,,19.416,28.815,73.68,,,24.636,3.799,reported,reported,no_data,reported,reported,reported,no_data,no_data,reported,reported
2025,WA,Washington,47179,Monitoring County 179,49885,5.749,0.044,,,19.729,50.591,21.053,6.103,,,reported,reported,no_data,no_data,reported,reported,reported,reported,no_data,insufficient_data
2025,WA,Washington,47281,Monitoring County 281,202066,3.093,,,17.822,89.222,29.605,18.345,,15.111,,reported,no_data,insufficient_data,reported,reported,reported,reported,no_data,reported,no_data
2025,WA,Washington,47317,Monitoring County 317,261967,,,24,21.277,56.806,58.492,23.722,11.311,,3.12,no_data,no_data,reported,reported,reported,reported,reported,reported,no_data,reported
2025,WI,Wisconsin,49026,Monitoring County 026,52066,5.138,0.061,41.278,19.385,51.471,,19.561,,,,reported,reported,reported,reported,reported,no_data,reported,insufficient_data,insufficient_data,insufficient_data
2025,WI,Wisconsin,49113,Monitoring County 113,123494,2.634,0.027,,28.609,123.002,103.114,7.969,5.041,15.854,,reported,reported,no_data,reported,reported,reported,reported,reported,reported,insufficient_data
2025,WI,Wisconsin,49217,Monitoring County 217,163246,5.429,,43.97,9.413,24.97,60.86,19.997,3.989,33.726,8.481,reported,no_data,reported,reported,reported,reported,reported,reported,reported,reported
2025,WI,Wisconsin,49230,Monitoring County 230,204154,,,56.99,44.844,41.022,,38.18,3.099,22.361,4.686,no_data,no_data,reported,reported,reported,no_data,reported,reported,reported,reported
2025,WI,Wisconsin,49241,Monitoring County 241,179015,3.768,0.029,34.373,18.607,26.595,29.355,24.236,,,8.073,reported,reported,reported,reported,reported,reported,reported,insufficient_data,no_data,reported
2025,WI,Wisconsin,49259,Monitoring County 259,136756,,0.029,48.854,,,73.775,,,12.426,,insufficient_data,reported,reported,insufficient_data,no_data,reported,no_data,no_data,reported,no_data
2025,WI,Wisconsin,49306,Monitoring County 306,137623,3.033,0.037,62.946,9.279,20.877,50.648,,,8.751,2.931,reported,reported,reported,reported,reported,reported,no_data,insufficient_data,reported,reported
2025,WV,West Virginia,48027,Monitoring County 027,134337,1.107,0.046,,17.598,,72.59,,,17.634,5.287,reported,reported,insufficient_data,reported,no_data,reported,no_data,no_data,reported,reported
2025,WV,West Virginia,48072,Monitoring County 072,72961,,,30.571,21.436,54.107,30.51,14.25,,,5.659,no_data,no_data,reported,reported,reported,reported,reported,insufficient_data,no_data,reported
2025,WV,West Virginia,48131,Monitoring County 131,106332,3.599,0.039,84.95,17.868,,51.765,17.514,,29.433,3.164,reported,reported,reported,reported,no_data,reported,reported,no_data,reported,reported
2025,WV,West Virginia,48208,Monitoring County 208,59964,2.065,0.028,,26.052,30.374,48.775,,6.05,30.852,5.227,reported,reported,no_data,reported,reported,reported,no_data,reported,reported,reported
2025,WV,West Virginia,48232,Monitoring County 232,460885,,0.035,,,,39.192,,,,5.792,no_data,reported,no_data,no_data,no_data,reported,no_data,no_data,no_data,reported
2025,WV,West Virginia,48239,Monitoring County 239,39409,1.458,0.076,46.802,58.354,,30.615,17.947,,24.974,2.722,reported,reported,reported,reported,no_data,reported,reported,no_data,reported,reported
2025,WV,West Virginia,48278,Monitoring County 278,156977,4.315,0.036,36.37,27.382,48.774,,,20.859,30.882,,reported,reported,reported,reported,reported,insufficient_data,no_data,reported,reported,no_data
2025,WY,Wyoming,50017,Monitoring County 017,68358,,,40.636,20.979,110.353,33.491,,,,6.182,no_data,no_data,reported,reported,reported,reported,no_data,insufficient_data,no_data,reported
2025,WY,Wyoming,50073,Monitoring County 073,113008,,0.057,,26.57,56.168,,6.175,4.374,12.386,,no_data,reported,no_data,reported,reported,no_data,reported,reported,reported,no_data
2025,WY,Wyoming,50080,Monitoring County 080,26258,,,62.156,,78.592,72.224,,,,3.175,no_data,no_data,reported,no_data,reported,reported,no_data,no_data,no_data,reported
2025,WY,Wyoming,50204,Monitoring County 204,136232,4.38,,,35.09,17.912,,40.239,,,3.42,reported,no_data,insufficient_data,reported,reported,no_data,reported,no_data,insufficient_data,reported
2025,WY,Wyoming,50293,Monitoring County 293,59963,,0.068,50.511,26.159,48.818,59.65,,3.479,36.366,4.455,no_data,reported,reported,reported,reported,reported,insufficient_data,reported,reported,reported
